{
    "cycle_count": 109193,
    "cycles_per_second": 8822.13345345088,
    "fabric_x": 11,
    "fabric_y": 6,
    "hwtile_count": 40,
    "idle_ce_cycles": 17909,
    "idle_wavelet_cycles": 17952,
    "init_time": 0.033950090408325195,
    "iotile_count": 4,
    "nodes": 1,
    "nultile_count": 56,
    "sim_stop_cause": "Stop due to user request",
    "sim_time": 12.377164840698242,
    "simulated_tile_count": 44,
    "sunset_count": 0,
    "threads": 5,
    "tile_count": 100,
    "tile_cycles_per_second": 388173.8719518387,
    "tile_cycles_per_second_per_thread": 77634.77439036775,
    "total_time": 12.411114931106567
}
